begin;
insert into client (client_id, nom, prenom, email, password, telephone, adresse, code_postal, ville, score, siret) values (1, 'Martin', 'Alice', 'alice.martin@mail.fr', '$2b$10$SbIDuJcoTwDM1Y.9X1rDH.X74RalCy.PfCJkaRawvLHEBqS8lGkRu', '+33611000001', '1 rue du Recyclage', '75011', 'Paris', 167, '10000000000001');
insert into client (client_id, nom, prenom, email, password, telephone, adresse, code_postal, ville, score, siret) values (2, 'Durand', 'Bob', 'bob.durand@mail.fr', '$2b$10$/axjqlvIgZ0vMxuA5GkJquBwvx.Z3w1sJU612j9htuo5dE9CPQ1Z2', '+33611000002', '2 rue du Recyclage', '75012', 'Paris', 127, '10000000000002');
insert into client (client_id, nom, prenom, email, password, telephone, adresse, code_postal, ville, score, siret) values (3, 'Petit', 'Chloe', 'chloe.petit@mail.fr', '$2b$10$Gk8K1LW5fAoIwWrvAdbMU.oHBbjsDXjcPBMMLARpx1MDIGwoczL/W', '+33611000003', '3 rue du Recyclage', '75013', 'Paris', 101, '10000000000003');
insert into client (client_id, nom, prenom, email, password, telephone, adresse, code_postal, ville, score, siret) values (4, 'Moreau', 'David', 'david.moreau@mail.fr', '$2b$10$E9/CeGkUVIDRNMxLfNxj5OXfRfDYBBdt1PkrR8hUJMQJZ3JTHRiea', '+33611000004', '4 rue du Recyclage', '75014', 'Paris', 226, '10000000000004');
insert into client (client_id, nom, prenom, email, password, telephone, adresse, code_postal, ville, score, siret) values (5, 'Roux', 'Emma', 'emma.roux@mail.fr', '$2b$10$sKQ9h3fSeUbvDrbIB4Eu4uHtp0clKGiK4loAqoPHLn9HgqLQ8noyO', '+33611000005', '5 rue du Recyclage', '75015', 'Paris', 234, '10000000000005');
insert into client (client_id, nom, prenom, email, password, telephone, adresse, code_postal, ville, score, siret) values (6, 'Lefevre', 'Hugo', 'hugo.lefevre@ecorecup.fr', '$2b$10$PfFJ4LD04BTNHUbrsuPzfe4EH8vhYts.m.LA2XRGS4qcVN6Z4KGTq', '+33611000006', '6 rue du Recyclage', '75016', 'Paris', 164, '10000000000006');
insert into client (client_id, nom, prenom, email, password, telephone, adresse, code_postal, ville, score, siret) values (7, 'Bernard', 'Ines', 'ines.bernard@ecorecup.fr', '$2b$10$uD5kcp45d/7knWRe/5eKhu.InqcXTv8rbxZ4QZxKXdjRvDn7j.r86', '+33611000007', '7 rue du Recyclage', '75017', 'Paris', 117, '10000000000007');
insert into client (client_id, nom, prenom, email, password, telephone, adresse, code_postal, ville, score, siret) values (8, 'Thomas', 'Jules', 'jules.thomas@ecorecup.fr', '$2b$10$AG48EzFBEjaDC4gncF5AHOy37zEdSwvxL62WeBbsWX19RaOsVEx6u', '+33611000008', '8 rue du Recyclage', '75018', 'Paris', 36, '10000000000008');
insert into client (client_id, nom, prenom, email, password, telephone, adresse, code_postal, ville, score, siret) values (9, 'Robert', 'Lea', 'lea.robert@ecorecup.fr', '$2b$10$Rp6LcVRj5sssYmzg3gdHJOb0RIcHECteeBXiQ0h6ozrQ0Zh/ciNey', '+33611000009', '9 rue du Recyclage', '75019', 'Paris', 67, '10000000000009');
insert into client (client_id, nom, prenom, email, password, telephone, adresse, code_postal, ville, score, siret) values (10, 'Richard', 'Louis', 'louis.richard@ecorecup.fr', '$2b$10$lenV/5JsWDxura.7JvksXOhshaaG4cFykqO2nE7mdX4HrhPFde27W', '+33611000010', '10 rue du Recyclage', '75020', 'Paris', 35, '10000000000010');
insert into client (client_id, nom, prenom, email, password, telephone, adresse, code_postal, ville, score, siret) values (11, 'Dubois', 'Manon', 'manon.dubois@ecorecup.fr', '$2b$10$XFdQIAMo.OzwdBpmbdmch.PuacM58Cihv4qI2oNWfX5PZeB7LvqDO', '+33611000011', '11 rue du Recyclage', '75021', 'Paris', 63, '10000000000011');
insert into client (client_id, nom, prenom, email, password, telephone, adresse, code_postal, ville, score, siret) values (12, 'Laurent', 'Nathan', 'nathan.laurent@ecorecup.fr', '$2b$10$SY0DYHEpdt7jF0Y393MSMOu58jsosqR4vIgCE3LqQHRd2pibadWHS', '+33611000012', '12 rue du Recyclage', '75022', 'Paris', 190, '10000000000012');
insert into client (client_id, nom, prenom, email, password, telephone, adresse, code_postal, ville, score, siret) values (13, 'Simon', 'Oceane', 'oceane.simon@ecorecup.fr', '$2b$10$Bqcl4kTN4CEjZKpjYmDHQuv/mAPuYO5KgMlpF09ZICu9W8Gs.VzRm', '+33611000013', '13 rue du Recyclage', '75023', 'Paris', 143, '10000000000013');
insert into client (client_id, nom, prenom, email, password, telephone, adresse, code_postal, ville, score, siret) values (14, 'Michel', 'Paul', 'paul.michel@ecorecup.fr', '$2b$10$ul1bha/TY6qDr6o1g3MqPulnkOlx.SJ5UjSvvldzf/o47HQVvERtm', '+33611000014', '14 rue du Recyclage', '75024', 'Paris', 137, '10000000000014');
insert into client (client_id, nom, prenom, email, password, telephone, adresse, code_postal, ville, score, siret) values (15, 'Garcia', 'Rose', 'rose.garcia@ecorecup.fr', '$2b$10$y/FDY2ZYPfDLE/BMfouC/utYHlxz79yU.FRbu8IZPcmCC/qzvM6C2', '+33611000015', '15 rue du Recyclage', '75025', 'Paris', 67, '10000000000015');
insert into client (client_id, nom, prenom, email, password, telephone, adresse, code_postal, ville, score, siret) values (16, 'Fontaine', 'Sarah', 'sarah.fontaine@greenfab.fr', '$2b$10$3aABvJ3Ssv.X663sUlDPteCoA/08soouM8i37aDuILmdMN3YfBmDm', '+33611000016', '16 rue du Recyclage', '75026', 'Paris', 191, '10000000000016');
insert into client (client_id, nom, prenom, email, password, telephone, adresse, code_postal, ville, score, siret) values (17, 'Chevalier', 'Adam', 'adam.chevalier@greenfab.fr', '$2b$10$Ul2ecwunv.91ntVUHXuY4OaqQ/0KjzwwGevQA4QSX4fcXgeCqWrHy', '+33611000017', '17 rue du Recyclage', '75027', 'Paris', 149, '10000000000017');
insert into client (client_id, nom, prenom, email, password, telephone, adresse, code_postal, ville, score, siret) values (18, 'Gauthier', 'Bella', 'bella.gauthier@greenfab.fr', '$2b$10$iNoxjTdUfU.DK1yG4LqlNea3NmCS2HitbZn/REjoe.1MH1Hsr.rs6', '+33611000018', '18 rue du Recyclage', '75028', 'Paris', 109, '10000000000018');
insert into client (client_id, nom, prenom, email, password, telephone, adresse, code_postal, ville, score, siret) values (19, 'Perrin', 'Cyril', 'cyril.perrin@greenfab.fr', '$2b$10$bl1yeXZ92cpD7y/EHR7dxerOPUMU4kK3gQONhMNL0oyA03059EDdG', '+33611000019', '19 rue du Recyclage', '75029', 'Paris', 229, '10000000000019');
insert into client (client_id, nom, prenom, email, password, telephone, adresse, code_postal, ville, score, siret) values (20, 'Morel', 'Diane', 'diane.morel@greenfab.fr', '$2b$10$UhPSFqiBvl0YP1u5LnZMt.U5KlKwvPhcj4HiqoAi.AE.i94IhsIve', '+33611000020', '20 rue du Recyclage', '75010', 'Paris', 149, '10000000000020');
insert into client (client_id, nom, prenom, email, password, telephone, adresse, code_postal, ville, score, siret) values (21, 'Girard', 'Enzo', 'enzo.girard@greenfab.fr', '$2b$10$RRPZyosaHUfDjffcj185RO1L9YvQZzZ7BIZfjlPtaqyghwv6UNSXW', '+33611000021', '21 rue du Recyclage', '75011', 'Paris', 102, '10000000000021');
insert into client (client_id, nom, prenom, email, password, telephone, adresse, code_postal, ville, score, siret) values (22, 'Andre', 'Fanny', 'fanny.andre@greenfab.fr', '$2b$10$RvBAaPM/otn838lb2ph1WONme9cO9/y1eZIiQbMewQd28cS6z.cVu', '+33611000022', '22 rue du Recyclage', '75012', 'Paris', 92, '10000000000022');
insert into client (client_id, nom, prenom, email, password, telephone, adresse, code_postal, ville, score, siret) values (23, 'Mercier', 'Gael', 'gael.mercier@greenfab.fr', '$2b$10$lhxiWBYXLqm7XoV21MAeJ.ljSStKulvoo8vkvATf9bVIgiKUrNHmi', '+33611000023', '23 rue du Recyclage', '75013', 'Paris', 56, '10000000000023');
insert into client (client_id, nom, prenom, email, password, telephone, adresse, code_postal, ville, score, siret) values (24, 'Blanc', 'Hana', 'hana.blanc@greenfab.fr', '$2b$10$gjWc1xinBm3rznm4iMLkgON4TCIO8eDHh97EagnNk/p3R3fvuEb2a', '+33611000024', '24 rue du Recyclage', '75014', 'Paris', 35, '10000000000024');
insert into client (client_id, nom, prenom, email, password, telephone, adresse, code_postal, ville, score, siret) values (25, 'Guerin', 'Ivan', 'ivan.guerin@greenfab.fr', '$2b$10$DaM0xBYnI0B6Tl73xJu4eekQeoJpGeVJ7Z3fodWwMajw6fTHuRqMS', '+33611000025', '25 rue du Recyclage', '75015', 'Paris', 130, '10000000000025');
insert into client (client_id, nom, prenom, email, password, telephone, adresse, code_postal, ville, score, siret) values (26, 'Boyer', 'Julie', 'julie.boyer@greenfab.fr', '$2b$10$gS/OhWBHx04fYt9nDDh4R.zCM3jf9SC0Zq1HpuoH/Qb7eQT2fHhmy', '+33611000026', '26 rue du Recyclage', '75016', 'Paris', 126, '10000000000026');
insert into client (client_id, nom, prenom, email, password, telephone, adresse, code_postal, ville, score, siret) values (27, 'Faure', 'Kevin', 'kevin.faure@greenfab.fr', '$2b$10$NreacJHNu8tj3qOuG9zk2eQD4hdQbwqNG6k0IJ/BRa0I8qBeDHyGm', '+33611000027', '27 rue du Recyclage', '75017', 'Paris', 23, '10000000000027');
insert into client (client_id, nom, prenom, email, password, telephone, adresse, code_postal, ville, score, siret) values (28, 'Roussel', 'Lina', 'lina.roussel@greenfab.fr', '$2b$10$XgCql7j/Yrsi9UTzBIr79eTdi1wv.h2eLZQBfyZeW7mI/lcJzG34O', '+33611000028', '28 rue du Recyclage', '75018', 'Paris', 193, '10000000000028');
insert into client (client_id, nom, prenom, email, password, telephone, adresse, code_postal, ville, score, siret) values (29, 'Vincent', 'Marc', 'marc.vincent@greenfab.fr', '$2b$10$ptX4QrAHJRESG1ub5HCHyuIPqTJ3n.pDxaSQ47lK257wyjvqgzrGO', '+33611000029', '29 rue du Recyclage', '75019', 'Paris', 12, '10000000000029');
insert into client (client_id, nom, prenom, email, password, telephone, adresse, code_postal, ville, score, siret) values (30, 'Muller', 'Nina', 'nina.muller@greenfab.fr', '$2b$10$uhERmdaevKlSkkCsTELx6eljp.YKTUZQLKakF7kA6DphPj9licfSi', '+33611000030', '30 rue du Recyclage', '75020', 'Paris', 220, '10000000000030');
insert into client (client_id, nom, prenom, email, password, telephone, adresse, code_postal, ville, score, siret) values (31, 'Admin', 'Site', 'admin@upcycleconnect.fr', '$2b$10$03V74VwBax1UGXOVm5Pd.e3byBUosUwBjgW11uzdULIsOKE6SWLsu', '+33611000031', '31 rue du Recyclage', '75021', 'Paris', 28, '10000000000031');
insert into client (client_id, nom, prenom, email, password, telephone, adresse, code_postal, ville, score, siret) values (32, 'Moderateur', 'Site', 'moderateur@upcycleconnect.fr', '$2b$10$XAPJLSEcji5KAuWCGSoPG.aLjblreVzc/7vfP6OJNRcQdBrUsFzJ2', '+33611000032', '32 rue du Recyclage', '75022', 'Paris', 39, '10000000000032');
select setval('client_client_id_seq', (select max(client_id) from client));
insert into entreprise (entreprise_id, nom, adresse, code_postal, ville, siret) values (1, 'EcoRecup', '4 avenue des Ateliers', '75011', 'Paris', '20000000000001'),(2, 'GreenFab', '18 quai de la Fabrique', '69002', 'Lyon', '20000000000002');
select setval('entreprise_entreprise_id_seq', 2);
insert into employe (entreprise_id, manager_id, client_id) values (1, null, 6);
insert into employe (entreprise_id, manager_id, client_id) values (1, 6, 7);
insert into employe (entreprise_id, manager_id, client_id) values (1, 6, 8);
insert into employe (entreprise_id, manager_id, client_id) values (1, 6, 9);
insert into employe (entreprise_id, manager_id, client_id) values (1, 6, 10);
insert into employe (entreprise_id, manager_id, client_id) values (1, 6, 11);
insert into employe (entreprise_id, manager_id, client_id) values (1, 6, 12);
insert into employe (entreprise_id, manager_id, client_id) values (1, 6, 13);
insert into employe (entreprise_id, manager_id, client_id) values (1, 6, 14);
insert into employe (entreprise_id, manager_id, client_id) values (1, 6, 15);
insert into employe (entreprise_id, manager_id, client_id) values (2, null, 16);
insert into employe (entreprise_id, manager_id, client_id) values (2, 16, 17);
insert into employe (entreprise_id, manager_id, client_id) values (2, 16, 18);
insert into employe (entreprise_id, manager_id, client_id) values (2, 16, 19);
insert into employe (entreprise_id, manager_id, client_id) values (2, 16, 20);
insert into employe (entreprise_id, manager_id, client_id) values (2, 16, 21);
insert into employe (entreprise_id, manager_id, client_id) values (2, 16, 22);
insert into employe (entreprise_id, manager_id, client_id) values (2, 16, 23);
insert into employe (entreprise_id, manager_id, client_id) values (2, 16, 24);
insert into employe (entreprise_id, manager_id, client_id) values (2, 16, 25);
insert into employe (entreprise_id, manager_id, client_id) values (2, 16, 26);
insert into employe (entreprise_id, manager_id, client_id) values (2, 16, 27);
insert into employe (entreprise_id, manager_id, client_id) values (2, 16, 28);
insert into employe (entreprise_id, manager_id, client_id) values (2, 16, 29);
insert into employe (entreprise_id, manager_id, client_id) values (2, 16, 30);
insert into possede (client_id, role_id) select 6, role_id from role where libelle = 'pro:pdg';
insert into possede (client_id, role_id) select 6, role_id from role where libelle = 'pro:entreprise_manager';
insert into possede (client_id, role_id) select 6, role_id from role where libelle = 'pro:rh';
insert into possede (client_id, role_id) select 6, role_id from role where libelle = 'pro:manager';
insert into possede (client_id, role_id) select 6, role_id from role where libelle = 'pro:gestionnaire_contrats';
insert into possede (client_id, role_id) select 6, role_id from role where libelle = 'pro:project_manager';
insert into possede (client_id, role_id) select 7, role_id from role where libelle = 'pro:rh';
insert into possede (client_id, role_id) select 8, role_id from role where libelle = 'pro:rh';
insert into possede (client_id, role_id) select 9, role_id from role where libelle = 'pro:manager';
insert into possede (client_id, role_id) select 10, role_id from role where libelle = 'pro:manager';
insert into possede (client_id, role_id) select 11, role_id from role where libelle = 'pro:gestionnaire_contrats';
insert into possede (client_id, role_id) select 12, role_id from role where libelle = 'pro:gestionnaire_contrats';
insert into possede (client_id, role_id) select 13, role_id from role where libelle = 'pro:project_manager';
insert into possede (client_id, role_id) select 14, role_id from role where libelle = 'pro:project_manager';
insert into possede (client_id, role_id) select 15, role_id from role where libelle = 'pro:entreprise_manager';
insert into possede (client_id, role_id) select 16, role_id from role where libelle = 'pro:pdg';
insert into possede (client_id, role_id) select 16, role_id from role where libelle = 'pro:entreprise_manager';
insert into possede (client_id, role_id) select 16, role_id from role where libelle = 'pro:rh';
insert into possede (client_id, role_id) select 16, role_id from role where libelle = 'pro:manager';
insert into possede (client_id, role_id) select 16, role_id from role where libelle = 'pro:gestionnaire_contrats';
insert into possede (client_id, role_id) select 16, role_id from role where libelle = 'pro:project_manager';
insert into possede (client_id, role_id) select 17, role_id from role where libelle = 'pro:rh';
insert into possede (client_id, role_id) select 18, role_id from role where libelle = 'pro:rh';
insert into possede (client_id, role_id) select 19, role_id from role where libelle = 'pro:manager';
insert into possede (client_id, role_id) select 20, role_id from role where libelle = 'pro:manager';
insert into possede (client_id, role_id) select 21, role_id from role where libelle = 'pro:manager';
insert into possede (client_id, role_id) select 22, role_id from role where libelle = 'pro:gestionnaire_contrats';
insert into possede (client_id, role_id) select 23, role_id from role where libelle = 'pro:gestionnaire_contrats';
insert into possede (client_id, role_id) select 24, role_id from role where libelle = 'pro:project_manager';
insert into possede (client_id, role_id) select 25, role_id from role where libelle = 'pro:project_manager';
insert into possede (client_id, role_id) select 26, role_id from role where libelle = 'pro:entreprise_manager';
insert into possede (client_id, role_id) select 27, role_id from role where libelle = 'pro:rh';
insert into possede (client_id, role_id) select 27, role_id from role where libelle = 'pro:manager';
insert into possede (client_id, role_id) select 28, role_id from role where libelle = 'pro:gestionnaire_contrats';
insert into possede (client_id, role_id) select 28, role_id from role where libelle = 'pro:project_manager';
insert into possede (client_id, role_id) select 31, role_id from role where libelle = 'admin:general';
insert into possede (client_id, role_id) select 31, role_id from role where libelle = 'admin:applications';
insert into possede (client_id, role_id) select 31, role_id from role where libelle = 'public:admin_threads';
insert into possede (client_id, role_id) select 31, role_id from role where libelle = 'public:admin_annonces';
insert into possede (client_id, role_id) select 31, role_id from role where libelle = 'evenements:manager';
insert into possede (client_id, role_id) select 31, role_id from role where libelle = 'tutorials:content_manager';
insert into possede (client_id, role_id) select 31, role_id from role where libelle = 'pro:entreprise_administrateur';
insert into possede (client_id, role_id) select 31, role_id from role where libelle = 'pro:rh_support';
insert into possede (client_id, role_id) select 32, role_id from role where libelle = 'public:admin_threads';
insert into possede (client_id, role_id) select 32, role_id from role where libelle = 'public:admin_annonces';
insert into possede (client_id, role_id) select 32, role_id from role where libelle = 'evenements:manager';
insert into possede (client_id, role_id) select 32, role_id from role where libelle = 'tutorials:content_manager';
insert into souscrit (client_id, forfait_id) select 1, forfait_id from forfait where libelle = 'Freemium';
insert into souscrit (client_id, forfait_id) select 2, forfait_id from forfait where libelle = 'Freemium';
insert into souscrit (client_id, forfait_id) select 3, forfait_id from forfait where libelle = 'Freemium';
insert into souscrit (client_id, forfait_id) select 4, forfait_id from forfait where libelle = 'Freemium';
insert into souscrit (client_id, forfait_id) select 5, forfait_id from forfait where libelle = 'Freemium';
insert into souscrit (client_id, forfait_id) select 6, forfait_id from forfait where libelle = 'Pro Gratuit';
insert into souscrit (client_id, forfait_id) select 6, forfait_id from forfait where libelle = 'Freemium';
insert into souscrit (client_id, forfait_id) select 7, forfait_id from forfait where libelle = 'Pro Gratuit';
insert into souscrit (client_id, forfait_id) select 7, forfait_id from forfait where libelle = 'Freemium';
insert into souscrit (client_id, forfait_id) select 8, forfait_id from forfait where libelle = 'Pro Gratuit';
insert into souscrit (client_id, forfait_id) select 8, forfait_id from forfait where libelle = 'Freemium';
insert into souscrit (client_id, forfait_id) select 9, forfait_id from forfait where libelle = 'Pro Gratuit';
insert into souscrit (client_id, forfait_id) select 9, forfait_id from forfait where libelle = 'Freemium';
insert into souscrit (client_id, forfait_id) select 10, forfait_id from forfait where libelle = 'Pro Gratuit';
insert into souscrit (client_id, forfait_id) select 10, forfait_id from forfait where libelle = 'Freemium';
insert into souscrit (client_id, forfait_id) select 11, forfait_id from forfait where libelle = 'Pro Gratuit';
insert into souscrit (client_id, forfait_id) select 11, forfait_id from forfait where libelle = 'Freemium';
insert into souscrit (client_id, forfait_id) select 12, forfait_id from forfait where libelle = 'Pro Gratuit';
insert into souscrit (client_id, forfait_id) select 12, forfait_id from forfait where libelle = 'Freemium';
insert into souscrit (client_id, forfait_id) select 13, forfait_id from forfait where libelle = 'Pro Gratuit';
insert into souscrit (client_id, forfait_id) select 13, forfait_id from forfait where libelle = 'Freemium';
insert into souscrit (client_id, forfait_id) select 14, forfait_id from forfait where libelle = 'Pro Gratuit';
insert into souscrit (client_id, forfait_id) select 14, forfait_id from forfait where libelle = 'Freemium';
insert into souscrit (client_id, forfait_id) select 15, forfait_id from forfait where libelle = 'Pro Gratuit';
insert into souscrit (client_id, forfait_id) select 15, forfait_id from forfait where libelle = 'Freemium';
insert into souscrit (client_id, forfait_id) select 16, forfait_id from forfait where libelle = 'Pro Payant';
insert into souscrit (client_id, forfait_id) select 16, forfait_id from forfait where libelle = 'Freemium';
insert into souscrit (client_id, forfait_id) select 17, forfait_id from forfait where libelle = 'Pro Payant';
insert into souscrit (client_id, forfait_id) select 17, forfait_id from forfait where libelle = 'Freemium';
insert into souscrit (client_id, forfait_id) select 18, forfait_id from forfait where libelle = 'Pro Payant';
insert into souscrit (client_id, forfait_id) select 18, forfait_id from forfait where libelle = 'Freemium';
insert into souscrit (client_id, forfait_id) select 19, forfait_id from forfait where libelle = 'Pro Payant';
insert into souscrit (client_id, forfait_id) select 19, forfait_id from forfait where libelle = 'Freemium';
insert into souscrit (client_id, forfait_id) select 20, forfait_id from forfait where libelle = 'Pro Payant';
insert into souscrit (client_id, forfait_id) select 20, forfait_id from forfait where libelle = 'Freemium';
insert into souscrit (client_id, forfait_id) select 21, forfait_id from forfait where libelle = 'Pro Payant';
insert into souscrit (client_id, forfait_id) select 21, forfait_id from forfait where libelle = 'Freemium';
insert into souscrit (client_id, forfait_id) select 22, forfait_id from forfait where libelle = 'Pro Payant';
insert into souscrit (client_id, forfait_id) select 22, forfait_id from forfait where libelle = 'Freemium';
insert into souscrit (client_id, forfait_id) select 23, forfait_id from forfait where libelle = 'Pro Payant';
insert into souscrit (client_id, forfait_id) select 23, forfait_id from forfait where libelle = 'Freemium';
insert into souscrit (client_id, forfait_id) select 24, forfait_id from forfait where libelle = 'Pro Payant';
insert into souscrit (client_id, forfait_id) select 24, forfait_id from forfait where libelle = 'Freemium';
insert into souscrit (client_id, forfait_id) select 25, forfait_id from forfait where libelle = 'Pro Payant';
insert into souscrit (client_id, forfait_id) select 25, forfait_id from forfait where libelle = 'Freemium';
insert into souscrit (client_id, forfait_id) select 26, forfait_id from forfait where libelle = 'Pro Payant';
insert into souscrit (client_id, forfait_id) select 26, forfait_id from forfait where libelle = 'Freemium';
insert into souscrit (client_id, forfait_id) select 27, forfait_id from forfait where libelle = 'Pro Payant';
insert into souscrit (client_id, forfait_id) select 27, forfait_id from forfait where libelle = 'Freemium';
insert into souscrit (client_id, forfait_id) select 28, forfait_id from forfait where libelle = 'Pro Payant';
insert into souscrit (client_id, forfait_id) select 28, forfait_id from forfait where libelle = 'Freemium';
insert into souscrit (client_id, forfait_id) select 29, forfait_id from forfait where libelle = 'Pro Payant';
insert into souscrit (client_id, forfait_id) select 29, forfait_id from forfait where libelle = 'Freemium';
insert into souscrit (client_id, forfait_id) select 30, forfait_id from forfait where libelle = 'Pro Payant';
insert into souscrit (client_id, forfait_id) select 30, forfait_id from forfait where libelle = 'Freemium';
insert into souscrit (client_id, forfait_id) select 31, forfait_id from forfait where libelle = 'Freemium';
insert into souscrit (client_id, forfait_id) select 32, forfait_id from forfait where libelle = 'Freemium';
insert into categorie_annonce (categorie_id, libelle) values (1,'Bois'),(2,'Plastique'),(3,'Metal'),(4,'Verre'),(5,'Textile');
select setval('categorie_annonce_categorie_id_seq', 5);
insert into categorie_thread (categorie_thread_id, libelle) values (1,'Aide generale'),(2,'Techniques'),(3,'Materiaux');
select setval('categorie_thread_categorie_thread_id_seq', 3);
insert into categorie_staff (categorie_staff_id, libelle) values (1,'Atelier'),(2,'Formation'),(3,'Collecte');
select setval('categorie_staff_categorie_staff_id_seq', 3);
insert into categorie_contrat (categorie_contrat_id, libelle) values (1,'Abonnement'),(2,'Publicite'),(3,'Facturation');
select setval('categorie_contrat_categorie_contrat_id_seq', 3);
insert into categorie_projet (categorie_projet_id, libelle) values (1,'Mobilier'),(2,'Decoration'),(3,'Industriel');
select setval('categorie_projet_categorie_projet_id_seq', 3);
insert into materieau (materieau_id, nom, densite, prix_kg, durete, fonte_degree, elasticite_young, resistance_torsion, resistance_compression, resilience, conductivite_thermique, conductivite_electrique, dilatation_thermique, porosite, opacite, magnetisme, accoustique, recyclable, empreinte_co2, toxicite) values (1, 'Bois de palette', 0.55, 0.3, 3.5, 600, 10, 5, 20, 2, 0.5, 0.1, 0.001, 0.2, 0.9, 0.05, 0.3, '1', 1.5, 0.1);
insert into materieau (materieau_id, nom, densite, prix_kg, durete, fonte_degree, elasticite_young, resistance_torsion, resistance_compression, resilience, conductivite_thermique, conductivite_electrique, dilatation_thermique, porosite, opacite, magnetisme, accoustique, recyclable, empreinte_co2, toxicite) values (2, 'Plastique PET', 1.38, 0.9, 3.5, 600, 10, 5, 20, 2, 0.5, 0.1, 0.001, 0.2, 0.9, 0.05, 0.3, '1', 1.5, 0.1);
insert into materieau (materieau_id, nom, densite, prix_kg, durete, fonte_degree, elasticite_young, resistance_torsion, resistance_compression, resilience, conductivite_thermique, conductivite_electrique, dilatation_thermique, porosite, opacite, magnetisme, accoustique, recyclable, empreinte_co2, toxicite) values (3, 'Acier recycle', 7.85, 1.2, 3.5, 600, 10, 5, 20, 2, 0.5, 0.1, 0.001, 0.2, 0.9, 0.05, 0.3, '1', 1.5, 0.1);
insert into materieau (materieau_id, nom, densite, prix_kg, durete, fonte_degree, elasticite_young, resistance_torsion, resistance_compression, resilience, conductivite_thermique, conductivite_electrique, dilatation_thermique, porosite, opacite, magnetisme, accoustique, recyclable, empreinte_co2, toxicite) values (4, 'Aluminium', 2.7, 2.5, 3.5, 600, 10, 5, 20, 2, 0.5, 0.1, 0.001, 0.2, 0.9, 0.05, 0.3, '1', 1.5, 0.1);
insert into materieau (materieau_id, nom, densite, prix_kg, durete, fonte_degree, elasticite_young, resistance_torsion, resistance_compression, resilience, conductivite_thermique, conductivite_electrique, dilatation_thermique, porosite, opacite, magnetisme, accoustique, recyclable, empreinte_co2, toxicite) values (5, 'Verre', 2.5, 0.4, 3.5, 600, 10, 5, 20, 2, 0.5, 0.1, 0.001, 0.2, 0.9, 0.05, 0.3, '1', 1.5, 0.1);
select setval('materieau_materieau_id_seq', 5);
insert into annonce (annonce_id, vendeur, categorie, titre, prix, description, etat, taxe, image) values (1, 1, 1, 'Table basse en palettes', 45.0, 'Table basse fabriquee a partir de palettes poncees et vernies.', 'D', 0.10, 'table_palette.jpg');
insert into utilise (annonce_id, materieau_id) values (1, 1);
insert into annonce (annonce_id, vendeur, categorie, titre, prix, description, etat, taxe, image) values (2, 2, 3, 'Lot de chutes d acier', 30.0, 'Chutes d acier propres, ideales pour petites soudures.', 'D', 0.10, 'acier.jpg');
insert into utilise (annonce_id, materieau_id) values (2, 3);
insert into annonce (annonce_id, vendeur, categorie, titre, prix, description, etat, taxe, image) values (3, 3, 2, 'Bouteilles PET propres x50', 8.0, 'Cinquante bouteilles PET nettoyees pour vos projets.', 'D', 0.10, 'pet.jpg');
insert into utilise (annonce_id, materieau_id) values (3, 2);
insert into annonce (annonce_id, vendeur, categorie, titre, prix, description, etat, taxe, image) values (4, 6, 1, 'Etageres bois recycle', 60.0, 'Etageres montees en bois de recuperation, tres bon etat.', 'D', 0.10, 'etagere.jpg');
insert into utilise (annonce_id, materieau_id) values (4, 1);
insert into annonce (annonce_id, vendeur, categorie, titre, prix, description, etat, taxe, image) values (5, 17, 4, 'Bocaux en verre x30', 12.0, 'Bocaux en verre avec couvercles, parfaits pour le vrac.', 'D', 0.10, 'bocaux.jpg');
insert into utilise (annonce_id, materieau_id) values (5, 5);
insert into annonce (annonce_id, vendeur, categorie, titre, prix, description, etat, taxe, image) values (6, 4, 5, 'Chutes de tissu jean', 10.0, 'Sac de chutes de jean pour couture et patchwork.', 'D', 0.10, 'jean.jpg');
select setval('annonce_annonce_id_seq', 6);
update annonce set acheteur = 5 where annonce_id = 2;
update annonce set acheteur = 16 where annonce_id = 3;
insert into message_annonce (annonce_id, client_id, message, etat) values (1, 2, 'Bonjour, la table est-elle toujours disponible ?', 'N'),(1, 1, 'Oui, toujours disponible.', 'L'),(4, 3, 'Quelles dimensions font les etageres ?', 'N');
insert into thread (thread_id, categorie_thread, titre, message, resolu, client_id) values (1, 1, 'Comment poncer une palette sans echarde ?', 'Je debute et je cherche la bonne methode pour poncer proprement.', '1', 1);
insert into thread (thread_id, categorie_thread, titre, message, resolu, client_id) values (2, 2, 'Quelle colle pour le PET ?', 'Je cherche une colle qui tient vraiment sur le plastique PET.', '0', 2);
insert into thread (thread_id, categorie_thread, titre, message, resolu, client_id) values (3, 3, 'Fournisseur d acier recycle en IDF', 'Nous cherchons un fournisseur fiable en region parisienne.', '0', 6);
select setval('thread_thread_id_seq', 3);
insert into message_thread (message_thread_id, thread_id, client_id, message, parent) values (1, 1, 3, 'Grain 80 puis 120, et finis au grain 240.', null),(2, 1, 1, 'Merci, ca a parfaitement marche !', 1),(3, 2, 4, 'La colle epoxy bi-composant tient tres bien.', null),(4, 3, 18, 'Nous passons par un ferrailleur a Pantin, tres serieux.', null);
select setval('message_thread_message_thread_id_seq', 4);
insert into evenement (evenement_id, date, nom, description, statut, categorie) values (1, now() + interval '7 days', 'Atelier palettes debutant', 'Apprenez a demonter et poncer des palettes.', 'P', 1),(2, now() + interval '14 days', 'Formation soudure recup', 'Initiation a la soudure sur acier recycle.', 'P', 2),(3, now() + interval '3 days', 'Collecte de quartier', 'Grande collecte de materiaux dans le 11e.', 'C', 3),(4, now() - interval '10 days', 'Atelier verre (annule)', 'Atelier decoupe du verre, reporte.', 'A', 1);
select setval('evenement_evenement_id_seq', 4);
insert into participe (evenement_id, client_id) values (1, 1), (1, 2), (2, 6), (3, 3), (1, 19);
insert into tutoriel (tutoriel_id, titre, article, video, categorie) values (1, 'Fabriquer une table basse en palettes', 'Etape 1 : demonter la palette. Etape 2 : poncer. Etape 3 : assembler et vernir.', 'table_palette.mp4', 1),(2, 'Fondre et mouler le plastique PET', 'Broyer, chauffer a basse temperature, mouler dans un cadre en silicone.', 'pet_fusion.mp4', 2);
select setval('tutoriel_tutoriel_id_seq', 2);
insert into tiers (tiers_id, nom, adresse, code_postal, ville, siret) values (1, 'Mairie de Paris 11e', '12 place Leon Blum', '75011', 'Paris', '30000000000001'),(2, 'Ferrailleur Pantin SARL', '3 rue des Forges', '93500', 'Pantin', '30000000000002'),(3, 'Imprimerie Verte', '8 rue des Encres', '69003', 'Lyon', null);
select setval('tiers_tiers_id_seq', 3);
insert into contrat (contrat_id, entreprise_id, categorie_contrat_id, description, depense, gain, pdf, date_fin) values (1, 1, 1, 'Abonnement annuel collecte de bois avec la mairie.', 1200, 3400, 'contrat_mairie.pdf', now() + interval '300 days'),(2, 1, 3, 'Facturation mensuelle du ferrailleur pour l acier.', 800, 2100, 'contrat_ferrailleur.pdf', null),(3, 2, 2, 'Campagne publicitaire locale avec l imprimerie.', 500, 0, 'contrat_pub.pdf', now() + interval '60 days');
select setval('contrat_contrat_id_seq', 3);
insert into actor (tiers_id, contrat_id) values (1, 1), (2, 2), (3, 3);
insert into projet (projet_id, categorie_projet, entreprise_id, titre, image, video, texte) values (1, 1, 1, 'Gamme mobilier palettes 2026', 'gamme_palettes.jpg', 'gamme_palettes.mp4', 'Nouvelle gamme de mobilier en palettes pour les particuliers.'),(2, 3, 2, 'Ligne de refonte aluminium', 'alu_ligne.jpg', 'alu_ligne.mp4', 'Mise en place d une ligne de refonte de l aluminium collecte.');
select setval('projet_projet_id_seq', 2);
insert into accede (client_id, application_id, achetee) select 6, application_id, '1' from application where nom = 'Tableau de bord avance';
insert into accede (client_id, application_id, achetee) select 7, application_id, '1' from application where nom = 'Alertes priorisees';
commit;
